2015-07-14,Canada,cpc,28.8
2015-07-14,Canada,ndp,32.5
2015-07-14,Canada,lpc,26.6
2015-07-14,Canada,gpc,5.2
2015-07-14,Canada,bq,5.7
2015-07-14,Canada,oth,1.3
2015-07-14,AB,cpc,47.6
2015-07-14,AB,ndp,29.1
2015-07-14,AB,lpc,16.8
2015-07-14,AB,gpc,4.1
2015-07-14,AB,bq,0
2015-07-14,AB,oth,2.4
2015-07-14,ATL,cpc,23.6
2015-07-14,ATL,ndp,31.1
2015-07-14,ATL,lpc,38.2
2015-07-14,ATL,gpc,5.4
2015-07-14,ATL,bq,0
2015-07-14,ATL,oth,1.6
2015-07-14,BC,cpc,26.2
2015-07-14,BC,ndp,40.1
2015-07-14,BC,lpc,23.4
2015-07-14,BC,gpc,9
2015-07-14,BC,bq,0
2015-07-14,BC,oth,1.3
2015-07-14,ON,cpc,32.1
2015-07-14,ON,ndp,29.8
2015-07-14,ON,lpc,31.3
2015-07-14,ON,gpc,5.3
2015-07-14,ON,bq,0
2015-07-14,ON,oth,1.5
2015-07-14,QC,cpc,16.8
2015-07-14,QC,ndp,34.2
2015-07-14,QC,lpc,22.4
2015-07-14,QC,gpc,3.4
2015-07-14,QC,bq,22
2015-07-14,QC,oth,1.1
2015-07-14,SK_MB,cpc,37.5
2015-07-14,SK_MB,ndp,30
2015-07-14,SK_MB,lpc,26.8
2015-07-14,SK_MB,gpc,4.1
2015-07-14,SK_MB,bq,0
2015-07-14,SK_MB,oth,1.6
2015-07-16,Canada,cpc,29.4
2015-07-16,Canada,ndp,32.4
2015-07-16,Canada,lpc,26.3
2015-07-16,Canada,gpc,5.2
2015-07-16,Canada,bq,5.4
2015-07-16,Canada,oth,1.4
2015-07-21,Canada,cpc,31.3
2015-07-21,Canada,ndp,31.3
2015-07-21,Canada,lpc,26.3
2015-07-21,Canada,gpc,5.3
2015-07-21,Canada,bq,5
2015-07-21,Canada,oth,0.8
2015-07-27,Canada,cpc,31.6
2015-07-27,Canada,ndp,31.6
2015-07-27,Canada,lpc,26.1
2015-07-27,Canada,gpc,5
2015-07-27,Canada,bq,5
2015-07-27,Canada,oth,0.7
2015-07-28,Canada,cpc,31.6
2015-07-28,Canada,ndp,32.1
2015-07-28,Canada,lpc,25.6
2015-07-28,Canada,gpc,4.9
2015-07-28,Canada,bq,4.8
2015-07-28,Canada,oth,0.9
2015-08-02,Canada,cpc,30.9
2015-08-02,Canada,ndp,33.2
2015-08-02,Canada,lpc,25.9
2015-08-02,Canada,gpc,4.7
2015-08-02,Canada,bq,4.7
2015-08-02,Canada,oth,0.7
2015-08-07,Canada,cpc,30.9
2015-08-07,Canada,ndp,33
2015-08-07,Canada,lpc,26.1
2015-08-07,Canada,gpc,4.7
2015-08-07,Canada,bq,4.7
2015-08-07,Canada,oth,0.7
2015-08-10,Canada,cpc,30.8
2015-08-10,Canada,ndp,33
2015-08-10,Canada,lpc,27.2
2015-08-10,Canada,gpc,4.2
2015-08-10,Canada,bq,4.2
2015-08-10,Canada,oth,0.6
2015-08-11,Canada,cpc,30.1
2015-08-11,Canada,ndp,31.9
2015-08-11,Canada,lpc,27
2015-08-11,Canada,gpc,5.6
2015-08-11,Canada,bq,4.5
2015-08-11,Canada,oth,0.9
2015-08-12,Canada,cpc,29.3
2015-08-12,Canada,ndp,32.3
2015-08-12,Canada,lpc,27.3
2015-08-12,Canada,gpc,5.7
2015-08-12,Canada,bq,4.6
2015-08-12,Canada,oth,0.9
2015-08-14,Canada,cpc,30
2015-08-14,Canada,ndp,31.3
2015-08-14,Canada,lpc,27.7
2015-08-14,Canada,gpc,5.6
2015-08-14,Canada,bq,4.6
2015-08-14,Canada,oth,0.9
2015-08-17,Canada,cpc,29.4
2015-08-17,Canada,ndp,33.5
2015-08-17,Canada,lpc,26.7
2015-08-17,Canada,gpc,5.8
2015-08-17,Canada,bq,3.7
2015-08-17,Canada,oth,0.9
2015-08-19,Canada,cpc,29.2
2015-08-19,Canada,ndp,33.8
2015-08-19,Canada,lpc,27.5
2015-08-19,Canada,gpc,4.7
2015-08-19,Canada,bq,3.9
2015-08-19,Canada,oth,1
2015-08-24,Canada,cpc,28.1
2015-08-24,Canada,ndp,37.4
2015-08-24,Canada,lpc,25.9
2015-08-24,Canada,gpc,3.8
2015-08-24,Canada,bq,3.7
2015-08-24,Canada,oth,1
2015-08-26,Canada,cpc,28.3
2015-08-26,Canada,ndp,35.5
2015-08-26,Canada,lpc,26.9
2015-08-26,Canada,gpc,4.4
2015-08-26,Canada,bq,3.9
2015-08-26,Canada,oth,1
2015-08-28,Canada,cpc,29.1
2015-08-28,Canada,ndp,33.2
2015-08-28,Canada,lpc,27.6
2015-08-28,Canada,gpc,5.5
2015-08-28,Canada,bq,3.7
2015-08-28,Canada,oth,1
2015-09-01,Canada,cpc,29.4
2015-09-01,Canada,ndp,31.2
2015-09-01,Canada,lpc,27.7
2015-09-01,Canada,gpc,6.1
2015-09-01,Canada,bq,4
2015-09-01,Canada,oth,1.7
2015-09-02,Canada,cpc,27.7
2015-09-02,Canada,ndp,32.1
2015-09-02,Canada,lpc,29.5
2015-09-02,Canada,gpc,5.2
2015-09-02,Canada,bq,4
2015-09-02,Canada,oth,1.4
2015-09-06,Canada,cpc,26.9
2015-09-06,Canada,ndp,32.4
2015-09-06,Canada,lpc,30.2
2015-09-06,Canada,gpc,5.6
2015-09-06,Canada,bq,3.9
2015-09-06,Canada,oth,1
2015-09-08,Canada,cpc,27
2015-09-08,Canada,ndp,32.3
2015-09-08,Canada,lpc,31.3
2015-09-08,Canada,gpc,5.1
2015-09-08,Canada,bq,3.5
2015-09-08,Canada,oth,0.8
2015-09-09,Canada,cpc,28
2015-09-09,Canada,ndp,31.6
2015-09-09,Canada,lpc,31.5
2015-09-09,Canada,gpc,4.7
2015-09-09,Canada,bq,3.5
2015-09-09,Canada,oth,0.6
2015-09-10,Canada,cpc,29.7
2015-09-10,Canada,ndp,32
2015-09-10,Canada,lpc,29.8
2015-09-10,Canada,gpc,4.4
2015-09-10,Canada,bq,3.4
2015-09-10,Canada,oth,0.8
2015-09-13,Canada,cpc,29.6
2015-09-13,Canada,ndp,31.5
2015-09-13,Canada,lpc,29.9
2015-09-13,Canada,gpc,4.7
2015-09-13,Canada,bq,3.2
2015-09-13,Canada,oth,1.1
2015-09-14,Canada,cpc,30
2015-09-14,Canada,ndp,31.2
2015-09-14,Canada,lpc,29.9
2015-09-14,Canada,gpc,4.7
2015-09-14,Canada,bq,3.3
2015-09-14,Canada,oth,0.9
2015-09-15,Canada,cpc,29.3
2015-09-15,Canada,ndp,31.5
2015-09-15,Canada,lpc,30
2015-09-15,Canada,gpc,4.9
2015-09-15,Canada,bq,3.2
2015-09-15,Canada,oth,1
2015-09-16,Canada,cpc,29.8
2015-09-16,Canada,ndp,30.9
2015-09-16,Canada,lpc,29.3
2015-09-16,Canada,gpc,6.1
2015-09-16,Canada,bq,3.3
2015-09-16,Canada,oth,0.6
2015-09-17,Canada,cpc,29.5
2015-09-17,Canada,ndp,31.1
2015-09-17,Canada,lpc,29.7
2015-09-17,Canada,gpc,6
2015-09-17,Canada,bq,3.1
2015-09-17,Canada,oth,0.6
2015-09-20,Canada,cpc,30.5
2015-09-20,Canada,ndp,29.8
2015-09-20,Canada,lpc,29.6
2015-09-20,Canada,gpc,5.7
2015-09-20,Canada,bq,3.6
2015-09-20,Canada,oth,0.9
2015-09-21,Canada,cpc,30.3
2015-09-21,Canada,ndp,29.7
2015-09-21,Canada,lpc,30.5
2015-09-21,Canada,gpc,4.8
2015-09-21,Canada,bq,3.8
2015-09-21,Canada,oth,0.9
2015-09-22,Canada,cpc,30.3
2015-09-22,Canada,ndp,29.5
2015-09-22,Canada,lpc,31.2
2015-09-22,Canada,gpc,4.6
2015-09-22,Canada,bq,3.5
2015-09-22,Canada,oth,0.9
2015-09-23,Canada,cpc,31.3
2015-09-23,Canada,ndp,28.9
2015-09-23,Canada,lpc,30.3
2015-09-23,Canada,gpc,5
2015-09-23,Canada,bq,3.7
2015-09-23,Canada,oth,0.8
2015-09-24,Canada,cpc,30.7
2015-09-24,Canada,ndp,29.1
2015-09-24,Canada,lpc,30.8
2015-09-24,Canada,gpc,4.8
2015-09-24,Canada,bq,3.7
2015-09-24,Canada,oth,0.9
2015-09-27,Canada,cpc,32
2015-09-27,Canada,ndp,27.6
2015-09-27,Canada,lpc,30.4
2015-09-27,Canada,gpc,4.7
2015-09-27,Canada,bq,4.2
2015-09-27,Canada,oth,1.1
2015-09-28,Canada,cpc,31.8
2015-09-28,Canada,ndp,27.7
2015-09-28,Canada,lpc,30.8
2015-09-28,Canada,gpc,4.7
2015-09-28,Canada,bq,4.2
2015-09-28,Canada,oth,0.9
2015-09-29,Canada,cpc,31.8
2015-09-29,Canada,ndp,27.3
2015-09-29,Canada,lpc,31.3
2015-09-29,Canada,gpc,4.6
2015-09-29,Canada,bq,4.3
2015-09-29,Canada,oth,0.8
2015-09-30,Canada,cpc,32.5
2015-09-30,Canada,ndp,27.2
2015-09-30,Canada,lpc,30.4
2015-09-30,Canada,gpc,4.6
2015-09-30,Canada,bq,4.5
2015-09-30,Canada,oth,0.8
2015-10-01,Canada,cpc,32.3
2015-10-01,Canada,ndp,26.8
2015-10-01,Canada,lpc,30.4
2015-10-01,Canada,gpc,4.8
2015-10-01,Canada,bq,5
2015-10-01,Canada,oth,0.7
2015-10-02,Canada,cpc,31.6
2015-10-02,Canada,ndp,26.6
2015-10-02,Canada,lpc,30.9
2015-10-02,Canada,gpc,5.2
2015-10-02,Canada,bq,5
2015-10-02,Canada,oth,0.6
2015-07-16,AB,cpc,46.9
2015-07-16,AB,ndp,29.6
2015-07-16,AB,lpc,17.5
2015-07-16,AB,gpc,4.1
2015-07-16,AB,bq,0
2015-07-16,AB,oth,2
2015-07-21,AB,cpc,47.6
2015-07-21,AB,ndp,27
2015-07-21,AB,lpc,18.8
2015-07-21,AB,gpc,5.3
2015-07-21,AB,bq,0
2015-07-21,AB,oth,1.4
2015-07-27,AB,cpc,48.9
2015-07-27,AB,ndp,27.1
2015-07-27,AB,lpc,17.6
2015-07-27,AB,gpc,4.9
2015-07-27,AB,bq,0
2015-07-27,AB,oth,1.4
2015-07-28,AB,cpc,48
2015-07-28,AB,ndp,28.1
2015-07-28,AB,lpc,17.2
2015-07-28,AB,gpc,4.9
2015-07-28,AB,bq,0
2015-07-28,AB,oth,1.9
2015-08-02,AB,cpc,47.8
2015-08-02,AB,ndp,28.1
2015-08-02,AB,lpc,17.6
2015-08-02,AB,gpc,4.5
2015-08-02,AB,bq,0
2015-08-02,AB,oth,2
2015-08-07,AB,cpc,49
2015-08-07,AB,ndp,26.6
2015-08-07,AB,lpc,17.5
2015-08-07,AB,gpc,4.8
2015-08-07,AB,bq,0
2015-08-07,AB,oth,2.1
2015-08-10,AB,cpc,49.5
2015-08-10,AB,ndp,29
2015-08-10,AB,lpc,17
2015-08-10,AB,gpc,3.9
2015-08-10,AB,bq,0
2015-08-10,AB,oth,0.6
2015-08-11,AB,cpc,49.6
2015-08-11,AB,ndp,24.6
2015-08-11,AB,lpc,18
2015-08-11,AB,gpc,6.3
2015-08-11,AB,bq,0
2015-08-11,AB,oth,1.4
2015-08-12,AB,cpc,48.8
2015-08-12,AB,ndp,24.4
2015-08-12,AB,lpc,18.9
2015-08-12,AB,gpc,6.6
2015-08-12,AB,bq,0
2015-08-12,AB,oth,1.4
2015-08-14,AB,cpc,51.4
2015-08-14,AB,ndp,21.1
2015-08-14,AB,lpc,18.2
2015-08-14,AB,gpc,7.2
2015-08-14,AB,bq,0
2015-08-14,AB,oth,2.1
2015-08-17,AB,cpc,56
2015-08-17,AB,ndp,21.6
2015-08-17,AB,lpc,15.9
2015-08-17,AB,gpc,5.4
2015-08-17,AB,bq,0
2015-08-17,AB,oth,1
2015-08-19,AB,cpc,50.2
2015-08-19,AB,ndp,25.1
2015-08-19,AB,lpc,18.6
2015-08-19,AB,gpc,4.5
2015-08-19,AB,bq,0
2015-08-19,AB,oth,1.6
2015-08-24,AB,cpc,51.9
2015-08-24,AB,ndp,26.5
2015-08-24,AB,lpc,15.6
2015-08-24,AB,gpc,3.5
2015-08-24,AB,bq,0
2015-08-24,AB,oth,2.5
2015-08-26,AB,cpc,50.8
2015-08-26,AB,ndp,25.6
2015-08-26,AB,lpc,17.4
2015-08-26,AB,gpc,3.3
2015-08-26,AB,bq,0
2015-08-26,AB,oth,2.9
2015-08-28,AB,cpc,50.4
2015-08-28,AB,ndp,26.7
2015-08-28,AB,lpc,16.5
2015-08-28,AB,gpc,3.6
2015-08-28,AB,bq,0
2015-08-28,AB,oth,2.7
2015-09-01,AB,cpc,48.4
2015-09-01,AB,ndp,24.6
2015-09-01,AB,lpc,19
2015-09-01,AB,gpc,4.3
2015-09-01,AB,bq,0
2015-09-01,AB,oth,3.7
2015-09-02,AB,cpc,49.8
2015-09-02,AB,ndp,24
2015-09-02,AB,lpc,19
2015-09-02,AB,gpc,4.2
2015-09-02,AB,bq,0
2015-09-02,AB,oth,3.1
2015-09-06,AB,cpc,51.6
2015-09-06,AB,ndp,23.2
2015-09-06,AB,lpc,17.1
2015-09-06,AB,gpc,4.9
2015-09-06,AB,bq,0
2015-09-06,AB,oth,3.2
2015-09-08,AB,cpc,46.5
2015-09-08,AB,ndp,29.2
2015-09-08,AB,lpc,17.5
2015-09-08,AB,gpc,4.8
2015-09-08,AB,bq,0
2015-09-08,AB,oth,1.9
2015-09-09,AB,cpc,48.6
2015-09-09,AB,ndp,27.9
2015-09-09,AB,lpc,17.5
2015-09-09,AB,gpc,4.3
2015-09-09,AB,bq,0
2015-09-09,AB,oth,1.7
2015-09-10,AB,cpc,51.9
2015-09-10,AB,ndp,23.9
2015-09-10,AB,lpc,19.2
2015-09-10,AB,gpc,3
2015-09-10,AB,bq,0
2015-09-10,AB,oth,2
2015-09-13,AB,cpc,49.8
2015-09-13,AB,ndp,22.8
2015-09-13,AB,lpc,22.2
2015-09-13,AB,gpc,3.5
2015-09-13,AB,bq,0
2015-09-13,AB,oth,1.7
2015-09-14,AB,cpc,50.8
2015-09-14,AB,ndp,22.9
2015-09-14,AB,lpc,20.3
2015-09-14,AB,gpc,4
2015-09-14,AB,bq,0
2015-09-14,AB,oth,2
2015-09-15,AB,cpc,51.4
2015-09-15,AB,ndp,24.1
2015-09-15,AB,lpc,18.2
2015-09-15,AB,gpc,4.3
2015-09-15,AB,bq,0
2015-09-15,AB,oth,2
2015-09-16,AB,cpc,54.3
2015-09-16,AB,ndp,22.1
2015-09-16,AB,lpc,18.2
2015-09-16,AB,gpc,4.6
2015-09-16,AB,bq,0
2015-09-16,AB,oth,0.8
2015-09-17,AB,cpc,54.1
2015-09-17,AB,ndp,22.7
2015-09-17,AB,lpc,18.1
2015-09-17,AB,gpc,4.4
2015-09-17,AB,bq,0
2015-09-17,AB,oth,0.7
2015-09-20,AB,cpc,55.2
2015-09-20,AB,ndp,19.3
2015-09-20,AB,lpc,18.8
2015-09-20,AB,gpc,5.4
2015-09-20,AB,bq,0
2015-09-20,AB,oth,1.4
2015-09-21,AB,cpc,52.4
2015-09-21,AB,ndp,21.7
2015-09-21,AB,lpc,20.8
2015-09-21,AB,gpc,3.8
2015-09-21,AB,bq,0
2015-09-21,AB,oth,1.3
2015-09-22,AB,cpc,52.3
2015-09-22,AB,ndp,22.1
2015-09-22,AB,lpc,21.9
2015-09-22,AB,gpc,2.7
2015-09-22,AB,bq,0
2015-09-22,AB,oth,1
2015-09-23,AB,cpc,52.3
2015-09-23,AB,ndp,21.2
2015-09-23,AB,lpc,21.8
2015-09-23,AB,gpc,3.7
2015-09-23,AB,bq,0
2015-09-23,AB,oth,1
2015-09-24,AB,cpc,51.1
2015-09-24,AB,ndp,20.6
2015-09-24,AB,lpc,22.9
2015-09-24,AB,gpc,4.4
2015-09-24,AB,bq,0
2015-09-24,AB,oth,0.9
2015-09-27,AB,cpc,53.3
2015-09-27,AB,ndp,20.6
2015-09-27,AB,lpc,20.8
2015-09-27,AB,gpc,3.7
2015-09-27,AB,bq,0
2015-09-27,AB,oth,1.6
2015-09-28,AB,cpc,53.3
2015-09-28,AB,ndp,19.8
2015-09-28,AB,lpc,21.5
2015-09-28,AB,gpc,3.7
2015-09-28,AB,bq,0
2015-09-28,AB,oth,1.7
2015-09-29,AB,cpc,53.4
2015-09-29,AB,ndp,19.3
2015-09-29,AB,lpc,22.2
2015-09-29,AB,gpc,3.5
2015-09-29,AB,bq,0
2015-09-29,AB,oth,1.5
2015-09-30,AB,cpc,54.6
2015-09-30,AB,ndp,19.5
2015-09-30,AB,lpc,22
2015-09-30,AB,gpc,2.8
2015-09-30,AB,bq,0
2015-09-30,AB,oth,1.1
2015-10-01,AB,cpc,55
2015-10-01,AB,ndp,18.5
2015-10-01,AB,lpc,22.1
2015-10-01,AB,gpc,2.4
2015-10-01,AB,bq,0
2015-10-01,AB,oth,2
2015-10-02,AB,cpc,54.6
2015-10-02,AB,ndp,19.5
2015-10-02,AB,lpc,21.1
2015-10-02,AB,gpc,2.8
2015-10-02,AB,bq,0
2015-10-02,AB,oth,2
2015-07-16,ATL,cpc,22.7
2015-07-16,ATL,ndp,31.8
2015-07-16,ATL,lpc,37.7
2015-07-16,ATL,gpc,6.3
2015-07-16,ATL,bq,0
2015-07-16,ATL,oth,1.5
2015-07-21,ATL,cpc,24.2
2015-07-21,ATL,ndp,30.4
2015-07-21,ATL,lpc,38.6
2015-07-21,ATL,gpc,4.4
2015-07-21,ATL,bq,0
2015-07-21,ATL,oth,2.4
2015-07-27,ATL,cpc,24.2
2015-07-27,ATL,ndp,30.6
2015-07-27,ATL,lpc,39
2015-07-27,ATL,gpc,4.2
2015-07-27,ATL,bq,0
2015-07-27,ATL,oth,2
2015-07-28,ATL,cpc,24.8
2015-07-28,ATL,ndp,30.9
2015-07-28,ATL,lpc,38.6
2015-07-28,ATL,gpc,4.1
2015-07-28,ATL,bq,0
2015-07-28,ATL,oth,1.6
2015-08-02,ATL,cpc,21.6
2015-08-02,ATL,ndp,33.2
2015-08-02,ATL,lpc,39.6
2015-08-02,ATL,gpc,4
2015-08-02,ATL,bq,0
2015-08-02,ATL,oth,1.5
2015-08-07,ATL,cpc,21.3
2015-08-07,ATL,ndp,33.3
2015-08-07,ATL,lpc,40.3
2015-08-07,ATL,gpc,3.6
2015-08-07,ATL,bq,0
2015-08-07,ATL,oth,1.4
2015-08-10,ATL,cpc,19.8
2015-08-10,ATL,ndp,32.2
2015-08-10,ATL,lpc,43.5
2015-08-10,ATL,gpc,3.5
2015-08-10,ATL,bq,0
2015-08-10,ATL,oth,1
2015-08-11,ATL,cpc,22.8
2015-08-11,ATL,ndp,28.7
2015-08-11,ATL,lpc,41
2015-08-11,ATL,gpc,6.6
2015-08-11,ATL,bq,0
2015-08-11,ATL,oth,0.9
2015-08-12,ATL,cpc,21.2
2015-08-12,ATL,ndp,30.3
2015-08-12,ATL,lpc,41
2015-08-12,ATL,gpc,6.9
2015-08-12,ATL,bq,0
2015-08-12,ATL,oth,0.6
2015-08-14,ATL,cpc,19.5
2015-08-14,ATL,ndp,32.8
2015-08-14,ATL,lpc,42.3
2015-08-14,ATL,gpc,5
2015-08-14,ATL,bq,0
2015-08-14,ATL,oth,0.4
2015-08-17,ATL,cpc,18.6
2015-08-17,ATL,ndp,34.7
2015-08-17,ATL,lpc,43.9
2015-08-17,ATL,gpc,2.6
2015-08-17,ATL,bq,0
2015-08-17,ATL,oth,0.2
2015-08-19,ATL,cpc,22.7
2015-08-19,ATL,ndp,37.5
2015-08-19,ATL,lpc,36.3
2015-08-19,ATL,gpc,2.2
2015-08-19,ATL,bq,0
2015-08-19,ATL,oth,1.3
2015-08-24,ATL,cpc,23
2015-08-24,ATL,ndp,31
2015-08-24,ATL,lpc,41.2
2015-08-24,ATL,gpc,4.5
2015-08-24,ATL,bq,0
2015-08-24,ATL,oth,0.3
2015-08-26,ATL,cpc,20.1
2015-08-26,ATL,ndp,32.5
2015-08-26,ATL,lpc,42.7
2015-08-26,ATL,gpc,4.4
2015-08-26,ATL,bq,0
2015-08-26,ATL,oth,0.4
2015-08-28,ATL,cpc,19.7
2015-08-28,ATL,ndp,31.7
2015-08-28,ATL,lpc,44.6
2015-08-28,ATL,gpc,3.5
2015-08-28,ATL,bq,0
2015-08-28,ATL,oth,0.6
2015-09-01,ATL,cpc,20.8
2015-09-01,ATL,ndp,28.6
2015-09-01,ATL,lpc,41.3
2015-09-01,ATL,gpc,7.8
2015-09-01,ATL,bq,0
2015-09-01,ATL,oth,1.6
2015-09-02,ATL,cpc,21.1
2015-09-02,ATL,ndp,32.5
2015-09-02,ATL,lpc,39.9
2015-09-02,ATL,gpc,5.3
2015-09-02,ATL,bq,0
2015-09-02,ATL,oth,1.2
2015-09-06,ATL,cpc,20.3
2015-09-06,ATL,ndp,29.4
2015-09-06,ATL,lpc,44.7
2015-09-06,ATL,gpc,4.6
2015-09-06,ATL,bq,0
2015-09-06,ATL,oth,1
2015-09-08,ATL,cpc,16.2
2015-09-08,ATL,ndp,28.6
2015-09-08,ATL,lpc,49.8
2015-09-08,ATL,gpc,5
2015-09-08,ATL,bq,0
2015-09-08,ATL,oth,0.5
2015-09-09,ATL,cpc,19
2015-09-09,ATL,ndp,25.3
2015-09-09,ATL,lpc,50.6
2015-09-09,ATL,gpc,5
2015-09-09,ATL,bq,0
2015-09-09,ATL,oth,0.2
2015-09-10,ATL,cpc,19.2
2015-09-10,ATL,ndp,27.8
2015-09-10,ATL,lpc,47.9
2015-09-10,ATL,gpc,4.5
2015-09-10,ATL,bq,0
2015-09-10,ATL,oth,0.5
2015-09-13,ATL,cpc,20.2
2015-09-13,ATL,ndp,28.6
2015-09-13,ATL,lpc,45.4
2015-09-13,ATL,gpc,4.9
2015-09-13,ATL,bq,0
2015-09-13,ATL,oth,0.9
2015-09-14,ATL,cpc,18.7
2015-09-14,ATL,ndp,28.5
2015-09-14,ATL,lpc,47.9
2015-09-14,ATL,gpc,4.4
2015-09-14,ATL,bq,0
2015-09-14,ATL,oth,0.5
2015-09-15,ATL,cpc,17.3
2015-09-15,ATL,ndp,30
2015-09-15,ATL,lpc,47.7
2015-09-15,ATL,gpc,4.6
2015-09-15,ATL,bq,0
2015-09-15,ATL,oth,0.4
2015-09-16,ATL,cpc,19.3
2015-09-16,ATL,ndp,28.9
2015-09-16,ATL,lpc,45.7
2015-09-16,ATL,gpc,5.9
2015-09-16,ATL,bq,0
2015-09-16,ATL,oth,0.2
2015-09-17,ATL,cpc,17.7
2015-09-17,ATL,ndp,29.5
2015-09-17,ATL,lpc,47.2
2015-09-17,ATL,gpc,5.4
2015-09-17,ATL,bq,0
2015-09-17,ATL,oth,0.1
2015-09-20,ATL,cpc,19.9
2015-09-20,ATL,ndp,28.9
2015-09-20,ATL,lpc,46.9
2015-09-20,ATL,gpc,3.7
2015-09-20,ATL,bq,0
2015-09-20,ATL,oth,0.6
2015-09-21,ATL,cpc,20
2015-09-21,ATL,ndp,29.6
2015-09-21,ATL,lpc,46.4
2015-09-21,ATL,gpc,3.3
2015-09-21,ATL,bq,0
2015-09-21,ATL,oth,0.7
2015-09-22,ATL,cpc,20.1
2015-09-22,ATL,ndp,28.4
2015-09-22,ATL,lpc,48.2
2015-09-22,ATL,gpc,2.7
2015-09-22,ATL,bq,0
2015-09-22,ATL,oth,0.7
2015-09-23,ATL,cpc,19.6
2015-09-23,ATL,ndp,30.4
2015-09-23,ATL,lpc,46.4
2015-09-23,ATL,gpc,3.4
2015-09-23,ATL,bq,0
2015-09-23,ATL,oth,0.2
2015-09-24,ATL,cpc,19.6
2015-09-24,ATL,ndp,29.2
2015-09-24,ATL,lpc,46.9
2015-09-24,ATL,gpc,4
2015-09-24,ATL,bq,0
2015-09-24,ATL,oth,0.3
2015-09-27,ATL,cpc,17.8
2015-09-27,ATL,ndp,27.3
2015-09-27,ATL,lpc,48.2
2015-09-27,ATL,gpc,5.9
2015-09-27,ATL,bq,0
2015-09-27,ATL,oth,0.8
2015-09-28,ATL,cpc,17.9
2015-09-28,ATL,ndp,26.6
2015-09-28,ATL,lpc,49.1
2015-09-28,ATL,gpc,5.5
2015-09-28,ATL,bq,0
2015-09-28,ATL,oth,0.9
2015-09-29,ATL,cpc,18.6
2015-09-29,ATL,ndp,26.6
2015-09-29,ATL,lpc,48.4
2015-09-29,ATL,gpc,5.6
2015-09-29,ATL,bq,0
2015-09-29,ATL,oth,0.7
2015-09-30,ATL,cpc,20.6
2015-09-30,ATL,ndp,25.7
2015-09-30,ATL,lpc,48
2015-09-30,ATL,gpc,5.2
2015-09-30,ATL,bq,0
2015-09-30,ATL,oth,0.4
2015-10-01,ATL,cpc,20.4
2015-10-01,ATL,ndp,25.3
2015-10-01,ATL,lpc,49.4
2015-10-01,ATL,gpc,4.4
2015-10-01,ATL,bq,0
2015-10-01,ATL,oth,0.5
2015-10-02,ATL,cpc,21.8
2015-10-02,ATL,ndp,23.2
2015-10-02,ATL,lpc,49.3
2015-10-02,ATL,gpc,4.9
2015-10-02,ATL,bq,0
2015-10-02,ATL,oth,0.7
2015-07-16,BC,cpc,26.4
2015-07-16,BC,ndp,39.5
2015-07-16,BC,lpc,23.5
2015-07-16,BC,gpc,9.4
2015-07-16,BC,bq,0
2015-07-16,BC,oth,1.2
2015-07-21,BC,cpc,27
2015-07-21,BC,ndp,40.5
2015-07-21,BC,lpc,22.9
2015-07-21,BC,gpc,9.2
2015-07-21,BC,bq,0
2015-07-21,BC,oth,0.5
2015-07-27,BC,cpc,27.7
2015-07-27,BC,ndp,40.3
2015-07-27,BC,lpc,22.5
2015-07-27,BC,gpc,9.1
2015-07-27,BC,bq,0
2015-07-27,BC,oth,0.4
2015-07-28,BC,cpc,29.1
2015-07-28,BC,ndp,39.9
2015-07-28,BC,lpc,21.6
2015-07-28,BC,gpc,8.8
2015-07-28,BC,bq,0
2015-07-28,BC,oth,0.6
2015-08-02,BC,cpc,27.7
2015-08-02,BC,ndp,40.4
2015-08-02,BC,lpc,23.2
2015-08-02,BC,gpc,7.9
2015-08-02,BC,bq,0
2015-08-02,BC,oth,0.8
2015-08-07,BC,cpc,27.6
2015-08-07,BC,ndp,40.7
2015-08-07,BC,lpc,23.6
2015-08-07,BC,gpc,7.3
2015-08-07,BC,bq,0
2015-08-07,BC,oth,0.9
2015-08-10,BC,cpc,27.2
2015-08-10,BC,ndp,38.3
2015-08-10,BC,lpc,25
2015-08-10,BC,gpc,8.9
2015-08-10,BC,bq,0
2015-08-10,BC,oth,0.6
2015-08-11,BC,cpc,26
2015-08-11,BC,ndp,37.8
2015-08-11,BC,lpc,25
2015-08-11,BC,gpc,10.6
2015-08-11,BC,bq,0
2015-08-11,BC,oth,0.6
2015-08-12,BC,cpc,25.3
2015-08-12,BC,ndp,37.3
2015-08-12,BC,lpc,25.3
2015-08-12,BC,gpc,11
2015-08-12,BC,bq,0
2015-08-12,BC,oth,1
2015-08-14,BC,cpc,25.4
2015-08-14,BC,ndp,38
2015-08-14,BC,lpc,26.2
2015-08-14,BC,gpc,9.5
2015-08-14,BC,bq,0
2015-08-14,BC,oth,0.9
2015-08-17,BC,cpc,29.7
2015-08-17,BC,ndp,35.4
2015-08-17,BC,lpc,24.8
2015-08-17,BC,gpc,9.2
2015-08-17,BC,bq,0
2015-08-17,BC,oth,1
2015-08-19,BC,cpc,26.3
2015-08-19,BC,ndp,37.5
2015-08-19,BC,lpc,26.7
2015-08-19,BC,gpc,8.5
2015-08-19,BC,bq,0
2015-08-19,BC,oth,1
2015-08-24,BC,cpc,26.7
2015-08-24,BC,ndp,38.8
2015-08-24,BC,lpc,24.5
2015-08-24,BC,gpc,9.1
2015-08-24,BC,bq,0
2015-08-24,BC,oth,1
2015-08-26,BC,cpc,28.4
2015-08-26,BC,ndp,37.1
2015-08-26,BC,lpc,25.4
2015-08-26,BC,gpc,8.3
2015-08-26,BC,bq,0
2015-08-26,BC,oth,0.8
2015-08-28,BC,cpc,29.6
2015-08-28,BC,ndp,34
2015-08-28,BC,lpc,24
2015-08-28,BC,gpc,11.3
2015-08-28,BC,bq,0
2015-08-28,BC,oth,1.1
2015-09-01,BC,cpc,30.4
2015-09-01,BC,ndp,32.1
2015-09-01,BC,lpc,24.5
2015-09-01,BC,gpc,11
2015-09-01,BC,bq,0
2015-09-01,BC,oth,2
2015-09-02,BC,cpc,27.1
2015-09-02,BC,ndp,32.8
2015-09-02,BC,lpc,29.3
2015-09-02,BC,gpc,9.9
2015-09-02,BC,bq,0
2015-09-02,BC,oth,0.9
2015-09-06,BC,cpc,23.7
2015-09-06,BC,ndp,35.8
2015-09-06,BC,lpc,28.8
2015-09-06,BC,gpc,11.4
2015-09-06,BC,bq,0
2015-09-06,BC,oth,0.4
2015-09-08,BC,cpc,21.9
2015-09-08,BC,ndp,36.4
2015-09-08,BC,lpc,31.3
2015-09-08,BC,gpc,10.3
2015-09-08,BC,bq,0
2015-09-08,BC,oth,0.1
2015-09-09,BC,cpc,23.4
2015-09-09,BC,ndp,34
2015-09-09,BC,lpc,31.8
2015-09-09,BC,gpc,10.7
2015-09-09,BC,bq,0
2015-09-09,BC,oth,0.1
2015-09-10,BC,cpc,28
2015-09-10,BC,ndp,34.6
2015-09-10,BC,lpc,28.1
2015-09-10,BC,gpc,8.8
2015-09-10,BC,bq,0
2015-09-10,BC,oth,0.5
2015-09-13,BC,cpc,29.1
2015-09-13,BC,ndp,35.6
2015-09-13,BC,lpc,26.5
2015-09-13,BC,gpc,8.6
2015-09-13,BC,bq,0
2015-09-13,BC,oth,0.2
2015-09-14,BC,cpc,31.7
2015-09-14,BC,ndp,35.1
2015-09-14,BC,lpc,25
2015-09-14,BC,gpc,8.1
2015-09-14,BC,bq,0
2015-09-14,BC,oth,0.1
2015-09-15,BC,cpc,31.3
2015-09-15,BC,ndp,35.5
2015-09-15,BC,lpc,24.8
2015-09-15,BC,gpc,8.4
2015-09-15,BC,bq,0
2015-09-15,BC,oth,0.1
2015-09-16,BC,cpc,29.6
2015-09-16,BC,ndp,33.4
2015-09-16,BC,lpc,26.4
2015-09-16,BC,gpc,9.9
2015-09-16,BC,bq,0
2015-09-16,BC,oth,0.6
2015-09-17,BC,cpc,29.5
2015-09-17,BC,ndp,32.8
2015-09-17,BC,lpc,27.1
2015-09-17,BC,gpc,10.2
2015-09-17,BC,bq,0
2015-09-17,BC,oth,0.6
2015-09-20,BC,cpc,31.2
2015-09-20,BC,ndp,32.5
2015-09-20,BC,lpc,25.4
2015-09-20,BC,gpc,9.8
2015-09-20,BC,bq,0
2015-09-20,BC,oth,1.1
2015-09-21,BC,cpc,28.9
2015-09-21,BC,ndp,32.6
2015-09-21,BC,lpc,27.9
2015-09-21,BC,gpc,9.9
2015-09-21,BC,bq,0
2015-09-21,BC,oth,0.7
2015-09-22,BC,cpc,28.2
2015-09-22,BC,ndp,33.5
2015-09-22,BC,lpc,27.1
2015-09-22,BC,gpc,10.5
2015-09-22,BC,bq,0
2015-09-22,BC,oth,0.8
2015-09-23,BC,cpc,29.7
2015-09-23,BC,ndp,32.5
2015-09-23,BC,lpc,25.8
2015-09-23,BC,gpc,11.7
2015-09-23,BC,bq,0
2015-09-23,BC,oth,0.4
2015-09-24,BC,cpc,29.8
2015-09-24,BC,ndp,33.1
2015-09-24,BC,lpc,26
2015-09-24,BC,gpc,10.8
2015-09-24,BC,bq,0
2015-09-24,BC,oth,0.3
2015-09-27,BC,cpc,32
2015-09-27,BC,ndp,31.9
2015-09-27,BC,lpc,27.2
2015-09-27,BC,gpc,8.5
2015-09-27,BC,bq,0
2015-09-27,BC,oth,0.5
2015-09-28,BC,cpc,31.7
2015-09-28,BC,ndp,31.8
2015-09-28,BC,lpc,27.3
2015-09-28,BC,gpc,8.8
2015-09-28,BC,bq,0
2015-09-28,BC,oth,0.4
2015-09-29,BC,cpc,31
2015-09-29,BC,ndp,31
2015-09-29,BC,lpc,29
2015-09-29,BC,gpc,8.8
2015-09-29,BC,bq,0
2015-09-29,BC,oth,0.3
2015-09-30,BC,cpc,31.3
2015-09-30,BC,ndp,32.1
2015-09-30,BC,lpc,27.6
2015-09-30,BC,gpc,8.7
2015-09-30,BC,bq,0
2015-09-30,BC,oth,0.3
2015-10-01,BC,cpc,30.1
2015-10-01,BC,ndp,33.3
2015-10-01,BC,lpc,27.5
2015-10-01,BC,gpc,8.8
2015-10-01,BC,bq,0
2015-10-01,BC,oth,0.3
2015-10-02,BC,cpc,29.2
2015-10-02,BC,ndp,32.4
2015-10-02,BC,lpc,28.1
2015-10-02,BC,gpc,10
2015-10-02,BC,bq,0
2015-10-02,BC,oth,0.3
2015-07-16,ON,cpc,33.3
2015-07-16,ON,ndp,29.2
2015-07-16,ON,lpc,30.9
2015-07-16,ON,gpc,5.4
2015-07-16,ON,bq,0
2015-07-16,ON,oth,1.2
2015-07-21,ON,cpc,35.6
2015-07-21,ON,ndp,27.6
2015-07-21,ON,lpc,30.5
2015-07-21,ON,gpc,5.4
2015-07-21,ON,bq,0
2015-07-21,ON,oth,0.8
2015-07-27,ON,cpc,35.9
2015-07-27,ON,ndp,28.3
2015-07-27,ON,lpc,30.1
2015-07-27,ON,gpc,4.9
2015-07-27,ON,bq,0
2015-07-27,ON,oth,0.8
2015-07-28,ON,cpc,35.7
2015-07-28,ON,ndp,28.9
2015-07-28,ON,lpc,29.5
2015-07-28,ON,gpc,5
2015-07-28,ON,bq,0
2015-07-28,ON,oth,0.9
2015-08-02,ON,cpc,35.5
2015-08-02,ON,ndp,30.1
2015-08-02,ON,lpc,28.6
2015-08-02,ON,gpc,4.9
2015-08-02,ON,bq,0
2015-08-02,ON,oth,0.8
2015-08-07,ON,cpc,35.6
2015-08-07,ON,ndp,29.8
2015-08-07,ON,lpc,28.6
2015-08-07,ON,gpc,5.2
2015-08-07,ON,bq,0
2015-08-07,ON,oth,0.8
2015-08-10,ON,cpc,33.9
2015-08-10,ON,ndp,29.1
2015-08-10,ON,lpc,31.5
2015-08-10,ON,gpc,4.6
2015-08-10,ON,bq,0
2015-08-10,ON,oth,0.9
2015-08-11,ON,cpc,32.1
2015-08-11,ON,ndp,31.3
2015-08-11,ON,lpc,30.3
2015-08-11,ON,gpc,5.3
2015-08-11,ON,bq,0
2015-08-11,ON,oth,1
2015-08-12,ON,cpc,31.6
2015-08-12,ON,ndp,31.1
2015-08-12,ON,lpc,30.6
2015-08-12,ON,gpc,5.2
2015-08-12,ON,bq,0
2015-08-12,ON,oth,1.5
2015-08-14,ON,cpc,34.6
2015-08-14,ON,ndp,28.7
2015-08-14,ON,lpc,30.2
2015-08-14,ON,gpc,5.4
2015-08-14,ON,bq,0
2015-08-14,ON,oth,1.1
2015-08-17,ON,cpc,32
2015-08-17,ON,ndp,30.6
2015-08-17,ON,lpc,30.1
2015-08-17,ON,gpc,6.3
2015-08-17,ON,bq,0
2015-08-17,ON,oth,1.1
2015-08-19,ON,cpc,32.5
2015-08-19,ON,ndp,30.8
2015-08-19,ON,lpc,31.2
2015-08-19,ON,gpc,5
2015-08-19,ON,bq,0
2015-08-19,ON,oth,0.5
2015-08-24,ON,cpc,31.2
2015-08-24,ON,ndp,34
2015-08-24,ON,lpc,30.4
2015-08-24,ON,gpc,3.2
2015-08-24,ON,bq,0
2015-08-24,ON,oth,1.2
2015-08-26,ON,cpc,30.8
2015-08-26,ON,ndp,32.3
2015-08-26,ON,lpc,31.9
2015-08-26,ON,gpc,4.2
2015-08-26,ON,bq,0
2015-08-26,ON,oth,0.9
2015-08-28,ON,cpc,32.5
2015-08-28,ON,ndp,28.8
2015-08-28,ON,lpc,32.8
2015-08-28,ON,gpc,5.3
2015-08-28,ON,bq,0
2015-08-28,ON,oth,0.7
2015-09-01,ON,cpc,32.2
2015-09-01,ON,ndp,27.5
2015-09-01,ON,lpc,33.3
2015-09-01,ON,gpc,5.8
2015-09-01,ON,bq,0
2015-09-01,ON,oth,1.2
2015-09-02,ON,cpc,28.4
2015-09-02,ON,ndp,28.1
2015-09-02,ON,lpc,36.4
2015-09-02,ON,gpc,5.6
2015-09-02,ON,bq,0
2015-09-02,ON,oth,1.5
2015-09-06,ON,cpc,30.3
2015-09-06,ON,ndp,26.5
2015-09-06,ON,lpc,37.3
2015-09-06,ON,gpc,5.2
2015-09-06,ON,bq,0
2015-09-06,ON,oth,0.7
2015-09-08,ON,cpc,33.3
2015-09-08,ON,ndp,22.7
2015-09-08,ON,lpc,39.9
2015-09-08,ON,gpc,3.7
2015-09-08,ON,bq,0
2015-09-08,ON,oth,0.4
2015-09-09,ON,cpc,33.8
2015-09-09,ON,ndp,22.3
2015-09-09,ON,lpc,40.6
2015-09-09,ON,gpc,3.1
2015-09-09,ON,bq,0
2015-09-09,ON,oth,0.3
2015-09-10,ON,cpc,33.4
2015-09-10,ON,ndp,25.1
2015-09-10,ON,lpc,36.8
2015-09-10,ON,gpc,4.3
2015-09-10,ON,bq,0
2015-09-10,ON,oth,0.4
2015-09-13,ON,cpc,34.3
2015-09-13,ON,ndp,25.5
2015-09-13,ON,lpc,35
2015-09-13,ON,gpc,4.3
2015-09-13,ON,bq,0
2015-09-13,ON,oth,1
2015-09-14,ON,cpc,33.5
2015-09-14,ON,ndp,26.1
2015-09-14,ON,lpc,34.8
2015-09-14,ON,gpc,4.6
2015-09-14,ON,bq,0
2015-09-14,ON,oth,1
2015-09-15,ON,cpc,32.2
2015-09-15,ON,ndp,25.5
2015-09-15,ON,lpc,35.8
2015-09-15,ON,gpc,5.1
2015-09-15,ON,bq,0
2015-09-15,ON,oth,1.3
2015-09-16,ON,cpc,32.7
2015-09-16,ON,ndp,25
2015-09-16,ON,lpc,35.1
2015-09-16,ON,gpc,6.5
2015-09-16,ON,bq,0
2015-09-16,ON,oth,0.7
2015-09-17,ON,cpc,32.7
2015-09-17,ON,ndp,24.3
2015-09-17,ON,lpc,35.8
2015-09-17,ON,gpc,6.4
2015-09-17,ON,bq,0
2015-09-17,ON,oth,0.7
2015-09-20,ON,cpc,34.4
2015-09-20,ON,ndp,24.1
2015-09-20,ON,lpc,35.3
2015-09-20,ON,gpc,5.8
2015-09-20,ON,bq,0
2015-09-20,ON,oth,0.4
2015-09-21,ON,cpc,35.1
2015-09-21,ON,ndp,24.9
2015-09-21,ON,lpc,35
2015-09-21,ON,gpc,4.9
2015-09-21,ON,bq,0
2015-09-21,ON,oth,0.2
2015-09-22,ON,cpc,35.2
2015-09-22,ON,ndp,23.8
2015-09-22,ON,lpc,36.4
2015-09-22,ON,gpc,4.4
2015-09-22,ON,bq,0
2015-09-22,ON,oth,0.2
2015-09-23,ON,cpc,36.7
2015-09-23,ON,ndp,22.6
2015-09-23,ON,lpc,35.3
2015-09-23,ON,gpc,5.2
2015-09-23,ON,bq,0
2015-09-23,ON,oth,0.2
2015-09-24,ON,cpc,35.4
2015-09-24,ON,ndp,23.5
2015-09-24,ON,lpc,35.9
2015-09-24,ON,gpc,4.9
2015-09-24,ON,bq,0
2015-09-24,ON,oth,0.3
2015-09-27,ON,cpc,36.3
2015-09-27,ON,ndp,22.8
2015-09-27,ON,lpc,36
2015-09-27,ON,gpc,4.4
2015-09-27,ON,bq,0
2015-09-27,ON,oth,0.5
2015-09-28,ON,cpc,35.4
2015-09-28,ON,ndp,24.2
2015-09-28,ON,lpc,35.5
2015-09-28,ON,gpc,4.4
2015-09-28,ON,bq,0
2015-09-28,ON,oth,0.4
2015-09-29,ON,cpc,34.9
2015-09-29,ON,ndp,23.9
2015-09-29,ON,lpc,36.3
2015-09-29,ON,gpc,4.6
2015-09-29,ON,bq,0
2015-09-29,ON,oth,0.3
2015-09-30,ON,cpc,35.1
2015-09-30,ON,ndp,24.1
2015-09-30,ON,lpc,35.2
2015-09-30,ON,gpc,5.2
2015-09-30,ON,bq,0
2015-09-30,ON,oth,0.3
2015-10-01,ON,cpc,36.1
2015-10-01,ON,ndp,23.3
2015-10-01,ON,lpc,34.8
2015-10-01,ON,gpc,5.1
2015-10-01,ON,bq,0
2015-10-01,ON,oth,0.6
2015-10-02,ON,cpc,34.9
2015-10-02,ON,ndp,22.7
2015-10-02,ON,lpc,36.7
2015-10-02,ON,gpc,5.1
2015-10-02,ON,bq,0
2015-10-02,ON,oth,0.6
2015-07-16,QC,cpc,18
2015-07-16,QC,ndp,34.7
2015-07-16,QC,lpc,21.6
2015-07-16,QC,gpc,3.3
2015-07-16,QC,bq,21.5
2015-07-16,QC,oth,0.9
2015-07-21,QC,cpc,19.2
2015-07-21,QC,ndp,35.3
2015-07-21,QC,lpc,21.5
2015-07-21,QC,gpc,2.9
2015-07-21,QC,bq,19.9
2015-07-21,QC,oth,1.2
2015-07-27,QC,cpc,18.6
2015-07-27,QC,ndp,35.5
2015-07-27,QC,lpc,21.8
2015-07-27,QC,gpc,2.8
2015-07-27,QC,bq,20
2015-07-27,QC,oth,1.2
2015-07-28,QC,cpc,18.9
2015-07-28,QC,ndp,35.7
2015-07-28,QC,lpc,21.7
2015-07-28,QC,gpc,2.9
2015-07-28,QC,bq,19.5
2015-07-28,QC,oth,1.3
2015-08-02,QC,cpc,18.4
2015-08-02,QC,ndp,36.3
2015-08-02,QC,lpc,22.7
2015-08-02,QC,gpc,2.7
2015-08-02,QC,bq,18.8
2015-08-02,QC,oth,1.1
2015-08-07,QC,cpc,17.6
2015-08-07,QC,ndp,36.7
2015-08-07,QC,lpc,23.1
2015-08-07,QC,gpc,2.8
2015-08-07,QC,bq,18.9
2015-08-07,QC,oth,1
2015-08-10,QC,cpc,18.7
2015-08-10,QC,ndp,39.6
2015-08-10,QC,lpc,22.5
2015-08-10,QC,gpc,1.3
2015-08-10,QC,bq,17.2
2015-08-10,QC,oth,0.7
2015-08-11,QC,cpc,19.1
2015-08-11,QC,ndp,35.9
2015-08-11,QC,lpc,23.8
2015-08-11,QC,gpc,2.4
2015-08-11,QC,bq,17.7
2015-08-11,QC,oth,1.2
2015-08-12,QC,cpc,18.4
2015-08-12,QC,ndp,37.4
2015-08-12,QC,lpc,22.8
2015-08-12,QC,gpc,2
2015-08-12,QC,bq,18.8
2015-08-12,QC,oth,0.7
2015-08-14,QC,cpc,16.7
2015-08-14,QC,ndp,36.7
2015-08-14,QC,lpc,24.8
2015-08-14,QC,gpc,2.6
2015-08-14,QC,bq,18.7
2015-08-14,QC,oth,0.6
2015-08-17,QC,cpc,14.1
2015-08-17,QC,ndp,44
2015-08-17,QC,lpc,21.4
2015-08-17,QC,gpc,4.3
2015-08-17,QC,bq,15.6
2015-08-17,QC,oth,0.6
2015-08-19,QC,cpc,15
2015-08-19,QC,ndp,42
2015-08-19,QC,lpc,22.2
2015-08-19,QC,gpc,3.7
2015-08-19,QC,bq,16.3
2015-08-19,QC,oth,0.8
2015-08-24,QC,cpc,11.9
2015-08-24,QC,ndp,49.6
2015-08-24,QC,lpc,18.2
2015-08-24,QC,gpc,1.9
2015-08-24,QC,bq,16.8
2015-08-24,QC,oth,1.6
2015-08-26,QC,cpc,14.3
2015-08-26,QC,ndp,45.7
2015-08-26,QC,lpc,19.2
2015-08-26,QC,gpc,3
2015-08-26,QC,bq,16.7
2015-08-26,QC,oth,1.1
2015-08-28,QC,cpc,13.8
2015-08-28,QC,ndp,44
2015-08-28,QC,lpc,21.6
2015-08-28,QC,gpc,3.7
2015-08-28,QC,bq,15.5
2015-08-28,QC,oth,1.4
2015-09-01,QC,cpc,16
2015-09-01,QC,ndp,42.5
2015-09-01,QC,lpc,19.4
2015-09-01,QC,gpc,4.2
2015-09-01,QC,bq,16.7
2015-09-01,QC,oth,1.3
2015-09-02,QC,cpc,15.7
2015-09-02,QC,ndp,44.2
2015-09-02,QC,lpc,19.4
2015-09-02,QC,gpc,2.9
2015-09-02,QC,bq,16.8
2015-09-02,QC,oth,0.9
2015-09-06,QC,cpc,13.8
2015-09-06,QC,ndp,44.9
2015-09-06,QC,lpc,20.8
2015-09-06,QC,gpc,3.8
2015-09-06,QC,bq,16.2
2015-09-06,QC,oth,0.6
2015-09-08,QC,cpc,13.7
2015-09-08,QC,ndp,47
2015-09-08,QC,lpc,20.4
2015-09-08,QC,gpc,3.5
2015-09-08,QC,bq,14.9
2015-09-08,QC,oth,0.5
2015-09-09,QC,cpc,13.6
2015-09-09,QC,ndp,48.4
2015-09-09,QC,lpc,19.8
2015-09-09,QC,gpc,3.1
2015-09-09,QC,bq,14.5
2015-09-09,QC,oth,0.6
2015-09-10,QC,cpc,16.4
2015-09-10,QC,ndp,46.4
2015-09-10,QC,lpc,20.8
2015-09-10,QC,gpc,2.9
2015-09-10,QC,bq,13.1
2015-09-10,QC,oth,0.4
2015-09-13,QC,cpc,15.1
2015-09-13,QC,ndp,44.5
2015-09-13,QC,lpc,23.9
2015-09-13,QC,gpc,3
2015-09-13,QC,bq,12.5
2015-09-13,QC,oth,0.9
2015-09-14,QC,cpc,14.9
2015-09-14,QC,ndp,42.8
2015-09-14,QC,lpc,25.7
2015-09-14,QC,gpc,2.7
2015-09-14,QC,bq,13.2
2015-09-14,QC,oth,0.8
2015-09-15,QC,cpc,14.4
2015-09-15,QC,ndp,42.7
2015-09-15,QC,lpc,26.6
2015-09-15,QC,gpc,2.6
2015-09-15,QC,bq,12.6
2015-09-15,QC,oth,1
2015-09-16,QC,cpc,15.4
2015-09-16,QC,ndp,43.3
2015-09-16,QC,lpc,23.6
2015-09-16,QC,gpc,3.3
2015-09-16,QC,bq,13
2015-09-16,QC,oth,1.3
2015-09-17,QC,cpc,15.4
2015-09-17,QC,ndp,44.6
2015-09-17,QC,lpc,23.1
2015-09-17,QC,gpc,3.5
2015-09-17,QC,bq,12.2
2015-09-17,QC,oth,1.3
2015-09-20,QC,cpc,14.3
2015-09-20,QC,ndp,42.6
2015-09-20,QC,lpc,24.1
2015-09-20,QC,gpc,3.4
2015-09-20,QC,bq,14.4
2015-09-20,QC,oth,1.2
2015-09-21,QC,cpc,15.2
2015-09-21,QC,ndp,40.1
2015-09-21,QC,lpc,25.4
2015-09-21,QC,gpc,2.5
2015-09-21,QC,bq,15.6
2015-09-21,QC,oth,1.1
2015-09-22,QC,cpc,15.6
2015-09-22,QC,ndp,40.3
2015-09-22,QC,lpc,25.7
2015-09-22,QC,gpc,2.7
2015-09-22,QC,bq,14.4
2015-09-22,QC,oth,1.4
2015-09-23,QC,cpc,17.8
2015-09-23,QC,ndp,38.9
2015-09-23,QC,lpc,23.9
2015-09-23,QC,gpc,1.9
2015-09-23,QC,bq,15.6
2015-09-23,QC,oth,1.9
2015-09-24,QC,cpc,18.4
2015-09-24,QC,ndp,38.2
2015-09-24,QC,lpc,24.3
2015-09-24,QC,gpc,1.9
2015-09-24,QC,bq,15.6
2015-09-24,QC,oth,1.7
2015-09-27,QC,cpc,19
2015-09-27,QC,ndp,35.1
2015-09-27,QC,lpc,24.5
2015-09-27,QC,gpc,3.2
2015-09-27,QC,bq,17.5
2015-09-27,QC,oth,0.7
2015-09-28,QC,cpc,19.1
2015-09-28,QC,ndp,34.9
2015-09-28,QC,lpc,24.9
2015-09-28,QC,gpc,2.6
2015-09-28,QC,bq,17.7
2015-09-28,QC,oth,0.8
2015-09-29,QC,cpc,19.7
2015-09-29,QC,ndp,34.5
2015-09-29,QC,lpc,24.4
2015-09-29,QC,gpc,2.2
2015-09-29,QC,bq,18
2015-09-29,QC,oth,1
2015-09-30,QC,cpc,21
2015-09-30,QC,ndp,33.9
2015-09-30,QC,lpc,23.4
2015-09-30,QC,gpc,2.1
2015-09-30,QC,bq,18.5
2015-09-30,QC,oth,1
2015-10-01,QC,cpc,20
2015-10-01,QC,ndp,33
2015-10-01,QC,lpc,23.1
2015-10-01,QC,gpc,2.9
2015-10-01,QC,bq,20
2015-10-01,QC,oth,1
2015-10-02,QC,cpc,19.8
2015-10-02,QC,ndp,33.2
2015-10-02,QC,lpc,22.9
2015-10-02,QC,gpc,3.2
2015-10-02,QC,bq,20
2015-10-02,QC,oth,0.9
2015-07-16,SK_MB,cpc,37.1
2015-07-16,SK_MB,ndp,30
2015-07-16,SK_MB,lpc,27.7
2015-07-16,SK_MB,gpc,3.9
2015-07-16,SK_MB,bq,0
2015-07-16,SK_MB,oth,1.3
2015-07-21,SK_MB,cpc,38.7
2015-07-21,SK_MB,ndp,27.3
2015-07-21,SK_MB,lpc,28.6
2015-07-21,SK_MB,gpc,4.5
2015-07-21,SK_MB,bq,0
2015-07-21,SK_MB,oth,0.8
2015-07-27,SK_MB,cpc,38.8
2015-07-27,SK_MB,ndp,27.9
2015-07-27,SK_MB,lpc,28.2
2015-07-27,SK_MB,gpc,4.3
2015-07-27,SK_MB,bq,0
2015-07-27,SK_MB,oth,0.8
2015-07-28,SK_MB,cpc,38.3
2015-07-28,SK_MB,ndp,29.8
2015-07-28,SK_MB,lpc,26.7
2015-07-28,SK_MB,gpc,4.5
2015-07-28,SK_MB,bq,0
2015-07-28,SK_MB,oth,0.7
2015-08-02,SK_MB,cpc,38.8
2015-08-02,SK_MB,ndp,30.6
2015-08-02,SK_MB,lpc,25.4
2015-08-02,SK_MB,gpc,4.1
2015-08-02,SK_MB,bq,0
2015-08-02,SK_MB,oth,1.1
2015-08-07,SK_MB,cpc,40.2
2015-08-07,SK_MB,ndp,29.2
2015-08-07,SK_MB,lpc,24.9
2015-08-07,SK_MB,gpc,4.2
2015-08-07,SK_MB,bq,0
2015-08-07,SK_MB,oth,1.5
2015-08-10,SK_MB,cpc,45
2015-08-10,SK_MB,ndp,27.5
2015-08-10,SK_MB,lpc,22.6
2015-08-10,SK_MB,gpc,4.5
2015-08-10,SK_MB,bq,0
2015-08-10,SK_MB,oth,0.5
2015-08-11,SK_MB,cpc,43.1
2015-08-11,SK_MB,ndp,24.7
2015-08-11,SK_MB,lpc,26.3
2015-08-11,SK_MB,gpc,5.6
2015-08-11,SK_MB,bq,0
2015-08-11,SK_MB,oth,0.3
2015-08-12,SK_MB,cpc,41.6
2015-08-12,SK_MB,ndp,23.4
2015-08-12,SK_MB,lpc,27.6
2015-08-12,SK_MB,gpc,6.1
2015-08-12,SK_MB,bq,0
2015-08-12,SK_MB,oth,1.3
2015-08-14,SK_MB,cpc,43.9
2015-08-14,SK_MB,ndp,22.3
2015-08-14,SK_MB,lpc,25.6
2015-08-14,SK_MB,gpc,6
2015-08-14,SK_MB,bq,0
2015-08-14,SK_MB,oth,2.1
2015-08-17,SK_MB,cpc,45.6
2015-08-17,SK_MB,ndp,24.3
2015-08-17,SK_MB,lpc,24.7
2015-08-17,SK_MB,gpc,3.3
2015-08-17,SK_MB,bq,0
2015-08-17,SK_MB,oth,2
2015-08-19,SK_MB,cpc,43.2
2015-08-19,SK_MB,ndp,26.7
2015-08-19,SK_MB,lpc,25.6
2015-08-19,SK_MB,gpc,3.1
2015-08-19,SK_MB,bq,0
2015-08-19,SK_MB,oth,1.4
2015-08-24,SK_MB,cpc,40.1
2015-08-24,SK_MB,ndp,30.6
2015-08-24,SK_MB,lpc,25.1
2015-08-24,SK_MB,gpc,3.5
2015-08-24,SK_MB,bq,0
2015-08-24,SK_MB,oth,0.8
2015-08-26,SK_MB,cpc,39.9
2015-08-26,SK_MB,ndp,27.3
2015-08-26,SK_MB,lpc,27.5
2015-08-26,SK_MB,gpc,5
2015-08-26,SK_MB,bq,0
2015-08-26,SK_MB,oth,0.3
2015-08-28,SK_MB,cpc,40.7
2015-08-28,SK_MB,ndp,25.7
2015-08-28,SK_MB,lpc,27.9
2015-08-28,SK_MB,gpc,4.6
2015-08-28,SK_MB,bq,0
2015-08-28,SK_MB,oth,1.1
2015-09-01,SK_MB,cpc,38.7
2015-09-01,SK_MB,ndp,23.3
2015-09-01,SK_MB,lpc,30
2015-09-01,SK_MB,gpc,6.4
2015-09-01,SK_MB,bq,0
2015-09-01,SK_MB,oth,1.6
2015-09-02,SK_MB,cpc,37
2015-09-02,SK_MB,ndp,24.6
2015-09-02,SK_MB,lpc,32.6
2015-09-02,SK_MB,gpc,4.8
2015-09-02,SK_MB,bq,0
2015-09-02,SK_MB,oth,1
2015-09-06,SK_MB,cpc,38.8
2015-09-06,SK_MB,ndp,23.8
2015-09-06,SK_MB,lpc,30.7
2015-09-06,SK_MB,gpc,5.5
2015-09-06,SK_MB,bq,0
2015-09-06,SK_MB,oth,1.2
2015-09-08,SK_MB,cpc,38
2015-09-08,SK_MB,ndp,25.4
2015-09-08,SK_MB,lpc,29.4
2015-09-08,SK_MB,gpc,6.2
2015-09-08,SK_MB,bq,0
2015-09-08,SK_MB,oth,1
2015-09-09,SK_MB,cpc,40.9
2015-09-09,SK_MB,ndp,23.3
2015-09-09,SK_MB,lpc,29
2015-09-09,SK_MB,gpc,5.7
2015-09-09,SK_MB,bq,0
2015-09-09,SK_MB,oth,1
2015-09-10,SK_MB,cpc,42.7
2015-09-10,SK_MB,ndp,23.6
2015-09-10,SK_MB,lpc,27.8
2015-09-10,SK_MB,gpc,4.2
2015-09-10,SK_MB,bq,0
2015-09-10,SK_MB,oth,1.7
2015-09-13,SK_MB,cpc,40.4
2015-09-13,SK_MB,ndp,22.8
2015-09-13,SK_MB,lpc,30.4
2015-09-13,SK_MB,gpc,5.1
2015-09-13,SK_MB,bq,0
2015-09-13,SK_MB,oth,1.2
2015-09-14,SK_MB,cpc,41.2
2015-09-14,SK_MB,ndp,23.6
2015-09-14,SK_MB,lpc,28.3
2015-09-14,SK_MB,gpc,5.6
2015-09-14,SK_MB,bq,0
2015-09-14,SK_MB,oth,1.3
2015-09-15,SK_MB,cpc,41.7
2015-09-15,SK_MB,ndp,24.9
2015-09-15,SK_MB,lpc,26.3
2015-09-15,SK_MB,gpc,5.9
2015-09-15,SK_MB,bq,0
2015-09-15,SK_MB,oth,1.2
2015-09-16,SK_MB,cpc,39.8
2015-09-16,SK_MB,ndp,26.8
2015-09-16,SK_MB,lpc,26.6
2015-09-16,SK_MB,gpc,5.8
2015-09-16,SK_MB,bq,0
2015-09-16,SK_MB,oth,1.1
2015-09-17,SK_MB,cpc,38.9
2015-09-17,SK_MB,ndp,27.9
2015-09-17,SK_MB,lpc,26.5
2015-09-17,SK_MB,gpc,5.6
2015-09-17,SK_MB,bq,0
2015-09-17,SK_MB,oth,1.1
2015-09-20,SK_MB,cpc,40.4
2015-09-20,SK_MB,ndp,24.2
2015-09-20,SK_MB,lpc,27.1
2015-09-20,SK_MB,gpc,6.6
2015-09-20,SK_MB,bq,0
2015-09-20,SK_MB,oth,1.7
2015-09-21,SK_MB,cpc,40.6
2015-09-21,SK_MB,ndp,25.8
2015-09-21,SK_MB,lpc,27.2
2015-09-21,SK_MB,gpc,4.9
2015-09-21,SK_MB,bq,0
2015-09-21,SK_MB,oth,1.5
2015-09-22,SK_MB,cpc,42.1
2015-09-22,SK_MB,ndp,26.1
2015-09-22,SK_MB,lpc,26.9
2015-09-22,SK_MB,gpc,3.8
2015-09-22,SK_MB,bq,0
2015-09-22,SK_MB,oth,1.1
2015-09-23,SK_MB,cpc,39.6
2015-09-23,SK_MB,ndp,27.2
2015-09-23,SK_MB,lpc,26.7
2015-09-23,SK_MB,gpc,4.9
2015-09-23,SK_MB,bq,0
2015-09-23,SK_MB,oth,1.5
2015-09-24,SK_MB,cpc,37.9
2015-09-24,SK_MB,ndp,28.1
2015-09-24,SK_MB,lpc,27.6
2015-09-24,SK_MB,gpc,4.9
2015-09-24,SK_MB,bq,0
2015-09-24,SK_MB,oth,1.4
2015-09-27,SK_MB,cpc,39.5
2015-09-27,SK_MB,ndp,28.3
2015-09-27,SK_MB,lpc,25.8
2015-09-27,SK_MB,gpc,4.8
2015-09-27,SK_MB,bq,0
2015-09-27,SK_MB,oth,1.6
2015-09-28,SK_MB,cpc,39.4
2015-09-28,SK_MB,ndp,28.4
2015-09-28,SK_MB,lpc,26.6
2015-09-28,SK_MB,gpc,4.6
2015-09-28,SK_MB,bq,0
2015-09-28,SK_MB,oth,1.1
2015-09-29,SK_MB,cpc,39.6
2015-09-29,SK_MB,ndp,28.2
2015-09-29,SK_MB,lpc,27.3
2015-09-29,SK_MB,gpc,4.4
2015-09-29,SK_MB,bq,0
2015-09-29,SK_MB,oth,0.6
2015-09-30,SK_MB,cpc,39.9
2015-09-30,SK_MB,ndp,27.4
2015-09-30,SK_MB,lpc,27.7
2015-09-30,SK_MB,gpc,4.4
2015-09-30,SK_MB,bq,0
2015-09-30,SK_MB,oth,0.5
2015-10-01,SK_MB,cpc,39.6
2015-10-01,SK_MB,ndp,25.6
2015-10-01,SK_MB,lpc,29.2
2015-10-01,SK_MB,gpc,5.3
2015-10-01,SK_MB,bq,0
2015-10-01,SK_MB,oth,0.4
2015-10-02,SK_MB,cpc,38.6
2015-10-02,SK_MB,ndp,26.1
2015-10-02,SK_MB,lpc,28.7
2015-10-02,SK_MB,gpc,6
2015-10-02,SK_MB,bq,0
2015-10-02,SK_MB,oth,0.6
2015-10-04,Canada,cpc,31.6
2015-10-04,Canada,ndp,25.3
2015-10-04,Canada,lpc,32.4
2015-10-04,Canada,gpc,4.9
2015-10-04,Canada,bq,4.9
2015-10-04,Canada,oth,0.8
2015-10-04,AB,cpc,56.2
2015-10-04,AB,ndp,16.2
2015-10-04,AB,lpc,22.6
2015-10-04,AB,gpc,3.4
2015-10-04,AB,bq,0
2015-10-04,AB,oth,1.6
2015-10-04,ATL,cpc,23.3
2015-10-04,ATL,ndp,21.6
2015-10-04,ATL,lpc,49.6
2015-10-04,ATL,gpc,4.8
2015-10-04,ATL,bq,0
2015-10-04,ATL,oth,0.7
2015-10-04,BC,cpc,27.7
2015-10-04,BC,ndp,31.6
2015-10-04,BC,lpc,30.3
2015-10-04,BC,gpc,10.1
2015-10-04,BC,bq,0
2015-10-04,BC,oth,0.3
2015-10-04,ON,cpc,35.9
2015-10-04,ON,ndp,21.8
2015-10-04,ON,lpc,37.5
2015-10-04,ON,gpc,4.4
2015-10-04,ON,bq,0
2015-10-04,ON,oth,0.5
2015-10-04,QC,cpc,19
2015-10-04,QC,ndp,32.1
2015-10-04,QC,lpc,24.6
2015-10-04,QC,gpc,3
2015-10-04,QC,bq,20.1
2015-10-04,QC,oth,1.2
2015-10-04,SK_MB,cpc,38.2
2015-10-04,SK_MB,ndp,24.1
2015-10-04,SK_MB,lpc,31
2015-10-04,SK_MB,gpc,5.9
2015-10-04,SK_MB,bq,0
2015-10-04,SK_MB,oth,0.8
2015-10-05,Canada,cpc,32.3
2015-10-05,Canada,ndp,25
2015-10-05,Canada,lpc,32.5
2015-10-05,Canada,gpc,4.7
2015-10-05,Canada,bq,4.9
2015-10-05,Canada,oth,0.7
2015-10-05,AB,cpc,56.5
2015-10-05,AB,ndp,15.3
2015-10-05,AB,lpc,23.8
2015-10-05,AB,gpc,3.1
2015-10-05,AB,bq,0
2015-10-05,AB,oth,1.2
2015-10-05,ATL,cpc,25.2
2015-10-05,ATL,ndp,20.8
2015-10-05,ATL,lpc,48.4
2015-10-05,ATL,gpc,4.9
2015-10-05,ATL,bq,0
2015-10-05,ATL,oth,0.7
2015-10-05,BC,cpc,28.6
2015-10-05,BC,ndp,31.4
2015-10-05,BC,lpc,30.2
2015-10-05,BC,gpc,9.8
2015-10-05,BC,bq,0
2015-10-05,BC,oth,0.1
2015-10-05,ON,cpc,35.6
2015-10-05,ON,ndp,22.6
2015-10-05,ON,lpc,37.3
2015-10-05,ON,gpc,4.1
2015-10-05,ON,bq,0
2015-10-05,ON,oth,0.4
2015-10-05,QC,cpc,19.3
2015-10-05,QC,ndp,31.2
2015-10-05,QC,lpc,25.3
2015-10-05,QC,gpc,2.8
2015-10-05,QC,bq,20.4
2015-10-05,QC,oth,1
2015-10-05,SK_MB,cpc,39.5
2015-10-05,SK_MB,ndp,22.9
2015-10-05,SK_MB,lpc,32.3
2015-10-05,SK_MB,gpc,4.9
2015-10-05,SK_MB,bq,0
2015-10-05,SK_MB,oth,0.5
2015-10-06,Canada,cpc,32.9
2015-10-06,Canada,ndp,24.2
2015-10-06,Canada,lpc,32.3
2015-10-06,Canada,gpc,4.9
2015-10-06,Canada,bq,4.7
2015-10-06,Canada,oth,1
2015-10-06,AB,cpc,57
2015-10-06,AB,ndp,15.7
2015-10-06,AB,lpc,22.9
2015-10-06,AB,gpc,3.2
2015-10-06,AB,bq,0
2015-10-06,AB,oth,1.3
2015-10-06,ATL,cpc,23.8
2015-10-06,ATL,ndp,20.2
2015-10-06,ATL,lpc,50.2
2015-10-06,ATL,gpc,4.4
2015-10-06,ATL,bq,0
2015-10-06,ATL,oth,1.4
2015-10-06,BC,cpc,29.2
2015-10-06,BC,ndp,29.7
2015-10-06,BC,lpc,29.4
2015-10-06,BC,gpc,10.8
2015-10-06,BC,bq,0
2015-10-06,BC,oth,0.9
2015-10-06,ON,cpc,35.7
2015-10-06,ON,ndp,21.6
2015-10-06,ON,lpc,38.1
2015-10-06,ON,gpc,4.3
2015-10-06,ON,bq,0
2015-10-06,ON,oth,0.4
2015-10-06,QC,cpc,21.1
2015-10-06,QC,ndp,30.2
2015-10-06,QC,lpc,24.2
2015-10-06,QC,gpc,3.4
2015-10-06,QC,bq,19.8
2015-10-06,QC,oth,1.3
2015-10-06,SK_MB,cpc,41.4
2015-10-06,SK_MB,ndp,23.2
2015-10-06,SK_MB,lpc,30.9
2015-10-06,SK_MB,gpc,4.1
2015-10-06,SK_MB,bq,0
2015-10-06,SK_MB,oth,0.4
2015-10-07,Canada,cpc,32.4
2015-10-07,Canada,ndp,24.3
2015-10-07,Canada,lpc,32.9
2015-10-07,Canada,gpc,4.8
2015-10-07,Canada,bq,4.6
2015-10-07,Canada,oth,1
2015-10-07,AB,cpc,55.8
2015-10-07,AB,ndp,17
2015-10-07,AB,lpc,23
2015-10-07,AB,gpc,3.4
2015-10-07,AB,bq,0
2015-10-07,AB,oth,0.8
2015-10-07,ATL,cpc,23.6
2015-10-07,ATL,ndp,20.3
2015-10-07,ATL,lpc,51.8
2015-10-07,ATL,gpc,3.1
2015-10-07,ATL,bq,0
2015-10-07,ATL,oth,1.3
2015-10-07,BC,cpc,29
2015-10-07,BC,ndp,29.7
2015-10-07,BC,lpc,29.8
2015-10-07,BC,gpc,10.4
2015-10-07,BC,bq,0
2015-10-07,BC,oth,1
2015-10-07,ON,cpc,34.9
2015-10-07,ON,ndp,21.4
2015-10-07,ON,lpc,38.8
2015-10-07,ON,gpc,4.4
2015-10-07,ON,bq,0
2015-10-07,ON,oth,0.5
2015-10-07,QC,cpc,21.3
2015-10-07,QC,ndp,29.9
2015-10-07,QC,lpc,24.7
2015-10-07,QC,gpc,3.3
2015-10-07,QC,bq,19.3
2015-10-07,QC,oth,1.5
2015-10-07,SK_MB,cpc,40.9
2015-10-07,SK_MB,ndp,23.9
2015-10-07,SK_MB,lpc,31.9
2015-10-07,SK_MB,gpc,3.2
2015-10-07,SK_MB,bq,0
2015-10-07,SK_MB,oth,0.1
2015-10-08,Canada,cpc,32.4
2015-10-08,Canada,ndp,23.6
2015-10-08,Canada,lpc,33.8
2015-10-08,Canada,gpc,4.8
2015-10-08,Canada,bq,4.7
2015-10-08,Canada,oth,0.8
2015-10-08,AB,cpc,55.7
2015-10-08,AB,ndp,16.7
2015-10-08,AB,lpc,23.5
2015-10-08,AB,gpc,3.6
2015-10-08,AB,bq,0
2015-10-08,AB,oth,0.5
2015-10-08,ATL,cpc,22.6
2015-10-08,ATL,ndp,21.7
2015-10-08,ATL,lpc,51.3
2015-10-08,ATL,gpc,3.5
2015-10-08,ATL,bq,0
2015-10-08,ATL,oth,1
2015-10-08,BC,cpc,28.8
2015-10-08,BC,ndp,29.2
2015-10-08,BC,lpc,30.2
2015-10-08,BC,gpc,11
2015-10-08,BC,bq,0
2015-10-08,BC,oth,0.8
2015-10-08,ON,cpc,34.6
2015-10-08,ON,ndp,20.6
2015-10-08,ON,lpc,39.8
2015-10-08,ON,gpc,4.5
2015-10-08,ON,bq,0
2015-10-08,ON,oth,0.5
2015-10-08,QC,cpc,21.7
2015-10-08,QC,ndp,28.7
2015-10-08,QC,lpc,26.1
2015-10-08,QC,gpc,2.9
2015-10-08,QC,bq,19.5
2015-10-08,QC,oth,1.1
2015-10-08,SK_MB,cpc,41.9
2015-10-08,SK_MB,ndp,23.9
2015-10-08,SK_MB,lpc,30.7
2015-10-08,SK_MB,gpc,3.4
2015-10-08,SK_MB,bq,0
2015-10-08,SK_MB,oth,0.1
2015-10-09,Canada,cpc,31.8
2015-10-09,Canada,ndp,23.8
2015-10-09,Canada,lpc,33.6
2015-10-09,Canada,gpc,4.8
2015-10-09,Canada,bq,4.9
2015-10-09,Canada,oth,1
2015-10-09,AB,cpc,54.3
2015-10-09,AB,ndp,16.4
2015-10-09,AB,lpc,24.6
2015-10-09,AB,gpc,4.1
2015-10-09,AB,bq,0
2015-10-09,AB,oth,0.7
2015-10-09,ATL,cpc,22.4
2015-10-09,ATL,ndp,20.9
2015-10-09,ATL,lpc,51
2015-10-09,ATL,gpc,5
2015-10-09,ATL,bq,0
2015-10-09,ATL,oth,0.7
2015-10-09,BC,cpc,28.7
2015-10-09,BC,ndp,29.8
2015-10-09,BC,lpc,29.8
2015-10-09,BC,gpc,10.7
2015-10-09,BC,bq,0
2015-10-09,BC,oth,1
2015-10-09,ON,cpc,34.2
2015-10-09,ON,ndp,21.1
2015-10-09,ON,lpc,39.5
2015-10-09,ON,gpc,4.5
2015-10-09,ON,bq,0
2015-10-09,ON,oth,0.7
2015-10-09,QC,cpc,20.2
2015-10-09,QC,ndp,29.4
2015-10-09,QC,lpc,25.9
2015-10-09,QC,gpc,2.7
2015-10-09,QC,bq,20.9
2015-10-09,QC,oth,1
2015-10-09,SK_MB,cpc,41.9
2015-10-09,SK_MB,ndp,23.4
2015-10-09,SK_MB,lpc,31
2015-10-09,SK_MB,gpc,3.3
2015-10-09,SK_MB,bq,0
2015-10-09,SK_MB,oth,0.3
